# This is the official list of Oppia authors for copyright purposes.
# This file is distinct from the CONTRIBUTORS file.
# See the latter for an explanation.
#
# Names should be added to this file as:
#     Name or Organization <email address>
# The email address is not required for organizations.
#
# Please keep the list sorted alphabetically.

Aadya Mishra <aadyamishra24@gmail.com>
Aakanksha Bhende <aakanksha0407@gmail.com>
Aaron Zuspan <aa.zuspan@gmail.com>
Aashish Gaba <aashishgaba097@gmail.com>
Aashish Khubchandani <aashish.k@nyu.edu>
Aashish Singh <f2016683@pilani.bits-pilani.ac.in>
Aasif Faizal <aasif.faizal@gmail.com>
Aayush Kumar Singh <malemeaayushkumarsingh@gmail.com>
Abeer Khan <abeerunscore96@gmail.com>
Abhay Garg <gargabhay2000@gmail.com>
Abhay Gupta <bhgupta13@gmail.com>
Abhay Raghuwanshi <araghuwanshi@ee.iitr.ac.in>
Abhay Raizada <abhsag24@gmail.com>
Abhijit Suresh <abhijit5893@gmail.com>
Abhimanyu Thakre <abhimanyuthakre@gmail.com>
Abhishek Arya <abhishekarya286@gmail.com>
Abhishek Kumar <anonims.ak@gmail.com>
Abhishek Shakya <abhixshakya@gmail.com>
Abhishek Sultaniya <abhishek.student.eee21@itbhu.ac.in>
Abhishek Uniyal <abhishekuniyal09@gmail.com>
Abhith Krishna <abyk476@gmail.com>
Acash Mkj <acash.mkj@gmail.com>
Adam Halim <adaab301@student.liu.se>
Adarsh Gupta <csedsadarsh@gmail.com>
Adarsh Kumar <kumar.adarshluv99@gmail.com>
Aditya Dubey <74500dubey@gmail.com>
Aditya Jain <adityajain.783@gmail.com>
Aditya Narayanm <adityanarayanm095@gmail.com>
Aditya Rai <aditya.rai.mec22@itbhu.ac.in>
Aditya Sharma <aditya.sharma.met19@itbhu.ac.in>
Aditya Singh <aditya.l.k.2001@gmail.com>
Adrija Acharyya <adrijaacharyya26@gmail.com>
Aishik Bhattacharya <aishik.this@gmail.com>
Aishwary Saxena <aishwary.saxena.min19@itbhu.ac.in>
Ajay Gurjar <ajaygurjar048@gmail.com>
Ajo John <ajojohn555@gmail.com>
Akash Gupta <akashgupta515@gmail.com>
Akash Jaiswal <akashjaiswal3846@gmail.com>
Akash Paloju <akashpaloju@gmail.com>
Akhilesh Kumar Yadav <akacademic05@gmail.com>
Akhilesh Ratnakumar <akhilesh.ratnakumar@gmail.com>
Akiti Bala <akitibala@gmail.com>
Akshath Kaushal <akshath.kaushal@iiitb.org>
Akshay Anand <akshayanand681@gmail.com>
Akshay M Joshi <aakshayjoshi892@gmail.com>
Akshay Nandwana <akshaynandwana001@gmail.com>
Alex Chong <alchong@umich.edu>
Alex Gower <alexanderpgower@gmail.com>
Alex Lee <alexanderwlee@gmail.com>
Alexandra Wu <alexewu@umich.edu>
Allan Zhou <allan.zhou@berkeley.edu>
Allison Goldstein <allisongoldstein8@gmail.com>
Alluri Harshit Varma <av.harshith15@gmail.com>
Amaan Lari <amaanlari@outlook.com>
Aman Singh Jolly <aman.amanjolly@gmail.com>
Amanda Rodriguez <rodriguezamanda214@gmail.com>
Amey Kudari <amey.kudari@students.iiit.ac.in>
Amit Panwar <amitpanwar02705@gmail.com>
Amulya Kumar <amulya.kr00@gmail.com>
Amy Yeung <amyyeung17@gmail.com>
Ana Francisca Bernardo <anafranciscabernardo@gmail.com>
Anant Chaudhary <canant448@gmail.com>
Ananth Raghav <raghavananth02@gmail.com>
Andrew Low <kahkhang@gmail.com>
Andrey Mironyuk <andmir92@yahoo.com>
Anggoro Dewanto <anggorodewanto@gmail.com>
Anish Kshirsagar <anishkshirsagar02@gmail.com>
Anish V Badri <anishbadri@gmail.com>
Ankita Saxena <ankitasonu24@gmail.com>
Anmol Mittal <anmol15554@gmail.com>
Anmol Shukla <anmol.shkl@gmail.com>
Anshul Hudda <anshulhudda.ssap@gmail.com>
Anshuman Maurya <anshumanmaurya111@gmail.com>
Anthony Alridge <anthonyalridge270@gmail.com>
Anthony Zheng <Anthony@fopen-dream.space>
Anthony Zhu <aqzhu@umich.edu>
Anubhav Sinha <anubhavsinha98@gmail.com>
Anumeha Agrawal <anuzenith29@gmail.com>
Anurag Singh <anurag10202@gmail.com>
Anurag Thakur <ranaasr60@gmail.com>
Anurag Vats <lit2020007@iiitl.ac.in>
Anurag Verma <akvermaav629@gmail.com>
Apurv Bajaj <apurvabajaj007@gmail.com>
Apurv Botle <booleanbee@gmail.com>
Archi Aggarwal <archiaggarwal2002@gmail.com>
Areesha Tariq <areeshatariq02@gmail.com>
Ariel Cohen <ariel17112005@gmail.com>
Arjun Thakur <21bme057@nith.ac.in>
Arkadyuti Bandyopadhyay <bandyopadhyayarkadyuti@gmail.com>
Armaan Singh Dhillon <dhillonarmaan2004@gmail.com>
Arnesh Agrawal <arnesh07@gmail.com>
Arpan Banerjee <arpanbnrj9@gmail.com>
Arpan Gupta <arpan6095@gmail.com>
Arpit Bandejiya <arpitbandejiya@gmail.com>
Arun Kumar <arunkumarm1995@gmail.com>
Arunabh Ghosh <arunabhghosh98@gmail.com>
Aryaman Gupta <aryaman.gupta.met19@iitbhu.ac.in>
Ashish Patwal <ashishpatwal147@gmail.com>
Ashish Verma <ashish1500616@gmail.com>
Ashmeet Singh <ashmeet.nas96@gmail.com>
Ashutosh Chauhan <ashutoshc8101@gmail.com>
Ashutosh Singla <ashutoshsingla@ymail.com>
Ashwath Kannan <ash.me.cse@gmail.com>
Ashwath V A <vaashwath@gmail.com>
Asif Sheriff <asif.sheriff77@gmail.com>
Assem Yeskabyl <assemyeskabyl@gmail.com>
Aubrey Wells <dozure@gmail.com>
Aung Hein Oo <aung@umich.edu>
Austin Choi <auschoi@umich.edu>
Ava Gizoni <agizoni@umich.edu>
Avijit Gupta <526avijit@gmail.com>
Ayush Anand <ayush.anand.cse21@itbhu.ac.in>
Ayush Jain <ayushjaink8@gmail.com>
Ayush Jha <ayush.jha.che20@itbhu.ac.in>
Ayush Kumar <2580ayush2580@gmail.com>
Ayush Nandi <ayush.idnan@gmail.com>
Ayush Rochlani <ayushrochlani0405@gmail.com>
Baiba Skujevska <aprily@inbox.lv>
Barnabas Makonda <barnabasmakonda@gmail.com>
Ben Targan <ben.targan@gmail.com>
Benjamin Beeshma <Benjamin.B.Beeshma@gmail.com>
Bhavuk Jain <jainbhavuk630@gmail.com>
Bill Morrisson <billmorrissonjr@gmail.com>
BJ Voth <bjvoth86@gmail.com>
Bolaji Fatade <bjfatade@gmail.com>
Boyd Y. Ching <pooplacka@gmail.com>
Brenton Briggs <briggs.brenton@gmail.com>
Brian Lin <brianlin@umich.edu>
Brijmohan Siyag <brijsiyag@gmail.com>
Cary Xiao <caryxiao1@gmail.com>
Cathleen Huang <cathuang@umich.edu>
Charisse De Torres <midorijikan@gmail.com>
Chase Albert <chase@mybasis.com>
Chen Shenyue <chensy1996@sjtu.edu.cn>
Chin Zhan Xiong <czxcjx1234@gmail.com>
Chirag Baid <chiragbaid7@gmail.com>
Chris Skalnik <cskalnik@stanford.edu>
Christie Ho <im.christie.ho@gmail.com>
Christopher Tao <ctao5660@berkeley.edu>
Cihan Bebek <cihan.m.bebek@gmail.com>
Cindy Qu <cindypqu@gmail.com>
Connie Chow <clionesse@yahoo.com>
Corey Hunter <corey@regex.be>
Céline Deknop <celine.deknop@student.uclouvain.be>
Darin Nguyen <d8nguyen@ucsd.edu>
Darshan AbhayKumar <darshanabhay@hotmail.com>
Dawson Eliasen <dawsoneliasen@gmail.com>
Debanshu Bhaumik <bhaumikdebanshu@gmail.com>
Deepam Banerjee <deepambanerjee07@gmail.com>
Deepank Agarwal <deepank411@gmail.com>
Denis Samokhvalov <samokhvalov_denis@vk.com>
Dev Prajapat <devprajapat02@gmail.com>
Devi Sandeep <sandeep0138@gmail.com>
Dhairya Majmudar <majmudar777@gmail.com>
Dharmesh Poddar <dharmeshpoddar3@gmail.com>
Dhruv Rishishwar <dhruvrishishwar2@gmail.com>
Diana Chen <dkchen1@asu.edu>
Dipto Chakrabarty <diptochuck123@gmail.com>
Divyadeep Singh <divyadeep.singh962118@gmail.com>
Divyansh Khetan <divyanshkhetan18@gmail.com>
Domenico Vitarella <domenico-vitarella@hotmail.it>
Dong Wook Brian Chung <tigerdw@umich.edu>
Dorian Bouchard <bouchard.dorian@gmail.com>
Edward Allison <eallison1102@gmail.com>
Eesha Arif <eeshaarif@gmail.com>
Emil Brynielsson <emil.brynielsson.jobb@gmail.com>
Emily Glue <emily.gu@nyu.edu>
Eric L'Heureux <lheureuxe13@gmail.com>
Eric Lou <ericzlou@gmail.com>
Eric Yang <esyang@umich.edu>
Eshaan Aggarwal <eshaan.aggarwal.cse21@itbhu.ac.in>
Estelle Lee <estelle0500@gmail.com>
Fang You <fangy@andrew.cmu.edu>
Farees Hussain <fareezzhussain@gmail.com>
Felicity Zhao <felicityzhao224@gmail.com>
Francois Gonothi Toure <francoisgonothitoure@gmail.com>
Frederik Creemers <frederikcreemers@gmail.com>
Fumbani Banda <thisisfumba@gmail.com>
Fumiya Goto <gotch.dev@gmail.com>
Gabriel Fuentes <GFuentesData@gmail.com>
Gagan Suneja <gagan91suneja@gmail.com>
Gangavarapu Praneeth <praneethg2001@gmail.com>
Gautam Verma <gautamverma.bits@gmail.com>
Geet Choudhary <geetchoudhary@gmail.com>
Geo Jolly <geojollyc@gmail.com>
Google Inc.
Gopi Vaibhav <lcs2020033@iiitl.ac.in>
Gourav Singh <gourav.singh9756@gmail.com>
Grace Guo <graceguo43@gmail.com>
Guilherme Gago <guilherme.gago@tecnico.ulisboa.pt>
Gustav Stappe Renner <gustavrenner@gmail.com>
Hadyn Fitzgerald <me@hadyn.dev>
Hamlet Villa <hamlet.villa@gmail.com>
Hamza Chandad <zeiurfhc@gmail.com>
Han Trinh <trinhgiahan1308@gmail.com>
Hanan Mufti <hi5hanan@yahoo.com>
Hardik Goyal <hardikgoyal2003@gmail.com>
Hardik Katehara <hardikkatehara@gmail.com>
Haresh Khanna <khanna.haresh@yahoo.co.in>
Harsh Keshari <harshkeshari100@gmail.com>
Harsh Khajuria <horcrux2301@yahoo.com>
Harsh Khilawala <harsh.khilawala27@gmail.com>
Harshvardhan Singh <sharshvardhan101@gmail.com>
Hasitha Kaushan <hkraclh@gmail.com>
Hema Sundara Rao Ginni <hemant0328@gmail.com>
Hemant M Mehta <hemant29mehta@gmail.com>
Henriette Hettinga <henriette.hettinga@gmail.com>
Henry Phu <hphu@bu.edu>
Himanshu Aggarwal <rackstar17@gmail.com>
Himanshu Dixit <hudixt@gmail.com>
Hitesh Sharma <hitesh96db@gmail.com>
Hitesh Tomar <lkbhitesh07@gmail.com>
Hope Ngerebara <h.ngerebara@gmail.com>
Hossam Mohammed Alsheikh <halsheikh313@gmail.com>
Huong Le <minh_huong_148@yahoo.com>
Ian Luttrell <ianovale3@gmail.com>
Ishan Kamboj <ishankamboj35@gmail.com>
Ishan Shanware <shanware.ishan@gmail.com>
Ishan Singh <Ankit.singh040@gmail.com>
Jackson Wu <jacksonwu.zg@gmail.com>
Jacob Davis <jacobdavis11@gmail.com>
Jacob Li Peng Cheng <lipech@hotmail.com>
Jaideep Sharma <jaideep.sharma.cse20@itbhu.ac.in>
Jaimin Purohit <jaimin.purohit21@gmail.com>
Jake Block <blockjb@umich.edu>
Jakub Osika <osika.jakub@gmail.com>
James James John <jamesjay4199@gmail.com>
Jamie Lau <hello@jamielau.me>
Jansen Yan <jyan500@gmail.com>
Jared Silver <jared@jaredsilver.name>
Jasmine Rider <jasamina13@gmail.com>
Jasper Deng <jasper.deng@gmail.com>
Jaswinder Singh <jaswinder.dandyan2000@gmail.com>
Jaxon Gates <jaxgates17@gmail.com>
Jay Vivarekar <jayviva@gmail.com>
Jayam Patel <jayampatel04@gmail.com>
Jayasanka Madhawa <jayasanka013@gmail.com>
Jayprahash Sharma <jai3500000@gmail.com>
Jayprakash Sharma <jai3500000@gmail.com>
Jaysinh Shukla <jaysinhp@gmail.com>
Jeevesh Garg <jeevesh.garg.cd.civ20@itbhu.ac.in>
Jenna Mandel <jenna.b.mandel@gmail.com>
Jerry Chen <jerry.c@berkeley.edu>
Jerry Lau <jerrylau@umich.edu>
Jessica Li <jessicabli0225@gmail.com>
Jiazhi Chen <chen.jiazhi@wustl.edu>
Jim Zhan <jimz@uci.edu>
Joel Lau <joel.lau@protonmail.com>
Jogendra Singh <imjog24@gmail.com>
Jogendra Singh <josingh481@gmail.com>
John Glennon <yeeons@gmail.com>
John Karasinski <karasinski@gmail.com>
John Prince Mesape <mjprince483@gmail.com>
Jonathan D Lake <jonlake5@gmail.com>
Jonathan Slaton <jnthn.sltn.wrk@gmail.com>
Jordan Cockles <jordan.cockles@gmail.com>
Jordan Stapinski <jstapins@andrew.cmu.edu>
Joseph Fedota <joefedota@gmail.com>
Joshua Cano <joshua.m.cano@gmail.com>
Joshua Lan <josh.lan9@gmail.com>
Joshua Lusk <luskjh@g.cofc.edu>
Joydeep Mukherjee <joydeep1701@gmail.com>
Justin Du <justin.d128@gmail.com>
Justin Nguyen <jn-nguyen@outlook.com>
Jérôme <zolk232@gmail.com>
K.N. Anantha Nandanan <ananthanandanan@gmail.com>
Kaicheng Han <hankaicheng729@gmail.com>
Kajol Kumari <kajolkumarisingh222@gmail.com>
Kamal Nayan <geniusamansingh@gmail.com>
Kanugu Rajesh <245122733172@mvsrec.edu.in>
Karen Honorio <karenbanci1@gmail.com>
Karen Rustad <karen.rustad@gmail.com>
Karina Zhang <karinazhang1@gmail.com>
Karishma Vanwari <karishmagvanwari@gmail.com>
Karri Abhinav <karriabhinav15@gmail.com>
Kartikey Pandey <pandeykartikey99@gmail.com>
Kashif Jamal Soofi <kashif.soofi+git@gmail.com>
Kashish Bhandula <kashishbhandula112@gmail.com>
Kate Perkins <kperkins@hmc.edu>
Kathryn Patterson <katp@wegrok.net>
Kefeh Collins <kefehcollins@gmail.com>
Kenneth Ho <a0125364@u.nus.edu>
Kerry Wang <kerryxwang@gmail.com>
Keshav Bathla <keshavbathla2017@gmail.com>
Keshav Gupta <keshavgupta9906@gmail.com>
Kevin Choong <kevincc@umich.edu>
Kevin Conner <connerke@oregonstate.edu>
Kevin Lee <kevinlee963@gmail.com>
Kevin Thomas <kevintab@tutanota.com>
Kevin Zhang <kevin.zhang.13499@gmail.com>
Khushi Gangopadhyay <khushiganguly08@gmail.com>
Kiran Konduru <kiranckonduru@gmail.com>
Kishan Kumar <kishansharma1231@gmail.com>
Konstantinos Kagkelidis <kaggis@gmail.com>
Krishanu Saha <krishanus.it.ug@jadavpuruniversity.in>
Krishita Jain <jainkrishita15@gmail.com>
Krishna Rao <krishnarao.2208@gmail.com>
Kristin Anthony <anthkris09@gmail.com>
Kshitij Patil <kshitijpatil1098@gmail.com>
Kumari Shalini <shaliniroy012@gmail.com>
Kunal Garg <kunalgarg2100@gmail.com>
Kyriaki Velliniati <kiriaki.vel@gmail.com>
Lakshay Angrish <lakshay.angrish@hotmail.com>
Lara Davies <lara.kh.davies@gmail.com>
Lara Heidenwag <laheit01@hs-esslingen.de>
Laura Kinkead <kinkeadlaura@gmail.com>
Leah Goldberg <goldberl@dickinson.edu>
Lev Bernstein <lev2000@me.com>
Leyla Tuon Cao <leylatuon@gmail.com>
Linn Hallonqvist <linn.hallonqvist@gmail.com>
Lontsi Jordan <jordylontsi@gmail.com>
Lorrany Azevedo <lorrany90@gmail.com>
Lucklita Theng <laklitatheng@gmail.com>
Luis Ulloa <scssaluis@gmail.com>
Luiz D. M. Mainart <luizdmmainart@gmail.com>
Madhavaram Rishitha <rishithamadhavaram765@gmail.com>
Mahendra Suthar <mahendra.suthar.1290@gmail.com>
Mai Elshiashi <mai.elshiashi@gmail.com>
Mamat Rahmat <coderbodoh@gmail.com>
Manan Rathi <rathimanan27@gmail.com>
Manish Roy <manishroy0112@gmail.com>
Manoj Mohan <m.manoj@linuxmail.org>
Marcel Schmittfull <marcel-sl@gmx.de>
Mariana Zangrossi <mari.zangue@gmail.com>
Mark Cabanero <markc.cabanero@gmail.com>
Mark Halpin <markhalpin3@gmail.com>
Martin Smithurst <martin.smithurst@gmail.com>
Matt Higgins <mrhiggi@g.clemson.edu>
Matthew Sumpter <me@matthewsumpter.org>
Mattias Erlingson <mater915@student.liu.se>
Maurício Meneghini Fauth <mauriciofauth@gmail.com>
Md Rabbani <talk2mdrabbani@gmail.com>
Md Shahbaz Alam <shahbazalam75508@gmail.com>
Meet Vyas <meetvyas682@gmail.com>
Merry Shen <merryyshen@gmail.com>
Michael Mossey <michaelmossey@gmail.com>
Michael Orwin <mcokzoo@icloud.com>
Michael Wagner <wagnerdmike@gmail.com>
Michael Wu <michaelywu54@gmail.com>
Michelle R <Michelle.Reitsma@outlook.com>
Milagro Teruel <milagro.teruel@gmail.com>
Min Tan <contactmintan@gmail.com>
Mohamed Elsayed <modimamado161@gmail.com>
Mohammad Shahebaz <shahebaz13@gmail.com>
Mohammad Zaman <mohammad.n.zaman@gmail.com>
Mohit Balwani <mohitbalwani.ict17@gmail.com>
Mohit Gupta <mohitgupta7780@gmail.com>
Mohit Gupta <thedeveloperrmail@gmail.com>
Mohit Musaddi <96mohitm@gmail.com>
Mohith Khatri <mohithkhatri100@gmail.com>
Mortaza Aghazadah <micro.access@hotmail.com>
Mozammel Haque <mozammel@gmail.com>
Mridul Setia <mridulsetia18@gmail.com>
Mungo Dewar <mpjdewar@gmail.com>
Nadin Tamer <nadin.tamer@gmail.com>
Nalin Bhardwaj <nalinbhardwaj@nibnalin.me>
Nalin Chhibber <nalin.chhibber@gmail.com>
Naman Kalra <namankalrabhiwani54@gmail.com>
Namuli Joyce <jollankent@gmail.com>
Naveen Kumar Shukla <shuklank2709@gmail.com>
Netaji Kancharapu <kancharapunetaji@gmail.com>
Nicolas Skirkey <nskirkey@gmail.com>
Nikhil Agarwal <nikhil.agarwal.2019@gmail.com>
Nikhil Handa <nikhil.handa@nowfloats.com>
Nikhil Nair <nairnikhil2001@gmail.com>
Nikhil Prakash <nikhil07prakash@gmail.com>
Nikhil Sangwan <nikhil.sangwan95@gmail.com>
Nikki Hess <coinslotgaming@gmail.com>
Nils Johansson <nilsj9898@gmail.com>
Nimalen Sivapalan <nsivapalan@berkeley.edu>
Nisarg Chaudhari <nisarg5601@gmail.com>
Nischaya Sharma <nischaya.gq@gmail.com>
Nishant Mittal <mittalnishant14@outlook.com>
Nisheal John <nisheal.work@gmail.com>
Nitanshu Lokhande <nlokhande5923@gmail.com>
Nithesh N. Hariharan <nithusha21@yahoo.co.in>
Nitish Bansal <nitishbansal2297@gmail.com>
Omshi Samal <omshisamal72@gmail.com>
Oskar Cieslik <oskar.cieslik@gmail.com>
Oswell Chan <oswellchan@gmail.com>
Owen Parry <owenparry@fastmail.fm>
Ozan Filiz <oznflz@gmail.com>
P Venkat Arvind <pvenkatarvind@gmail.com>
Paloma Oliveira <pcultural@gmail.com>
Pankaj Dahiya <pankaj.id.008@gmail.com>
Pankaj Prajapati <paprajapati9@gmail.com>
Pankaj Singh <pankajsingh132000@gmail.com>
Parth Bhoiwala <parth.v.bhoiwala@gmail.com>
Parul Priyedarshani <parulpriyedarshani@gmail.com>
Patel Muhammad <patelmuh2003@gmail.com>
Patrycja Praczyk <praczyk.patrycja@gmail.com>
Pawan Rai <pawanraip4@gmail.com>
Pawel Borkar <paawel@pm.me>
Philip Hayes <philiphayes9@gmail.com>
Phillip Moulton <moulton.dev@gmail.com>
Pirajesh M R <pirajeshmr@gmail.com>
Piyush Agrawal <poush12@gmail.com>
Praful Bandre <prafulbbandre2001@gmail.com>
Pranav Siddharth S <pranavsid98@gmail.com>
Pranshu Srivastava <iampranshu24@gmail.com>
Prasanna Patil <prasannapatil08@gmail.com>
Prateek Kumar <prateekkumarofficial01@gmail.com>
Pratik Katte <pratikkatte7@gmail.com>
Prayush Dawda <iamprayush@gmail.com>
Preetam Mondal <preetammondal78@gmail.com>
Princika Rai <princikarai2002@gmail.com>
Pritam Singh <pritsingh2317@gmail.com>
Priyansh Mehta <21bece080@iiitdmj.ac.in>
Prottoy Chakraborty <pchakraborty2002@gmail.com>
Pulkit Aggarwal <aggarwalpulkit596@gmail.com>
Pulkit Agrawal <pulkitagarwal2005@gmail.com>
Pulkit Gera <pulkithifi@yahoo.com>
Purhan <Official.Purhan@gmail.com>
Purvi Misal <purvivmisal@gmail.com>
Qifei Wu <infcode@umich.edu>
Qinghao Yang <yqh09hd@gmail.com>
Radesh Kumar <imradesh@gmail.com>
Rafay Ghafoor <rafayghafoor@pm.me>
Rafał Kaszuba <rafalk342@gmail.com>
Rahat <arnavkhan4343@gmail.com>
Rahul Gurung <gurungrahul2@gmail.com>
Rahul Lalwani <itsrahullalwani@gmail.com>
Rahul Modi <rmodi719@gmail.com>
Raine Hoover <raine.hoover@gmail.com>
Rajan Garg <iamrajangarg@gmail.com>
Rajat Kumar <rajatdav2000@gmail.com>
Rajat Patwa <razat249@gmail.com>
Rajat Talesra <rajattalesra4914@gmail.com>
Rajendra Kadam <rajendrakadam249@gmail.com>
Rajitha Warusavitarana <rajitha1998@gmail.com>
Rakshit Kumar <rakshit.kumar.cse17@itbhu.ac.in>
Ramon Valdivia <ramonvaldivia3200@gmail.com>
Raymond Tso <thisraymond@gmail.com>
Rebekah Houser <rlhouser@udel.edu>
Renato Martins <renato.martins@tecnico.ulisboa.pt>
Reshu Kumari <reshukumari786@gmail.com>
Reto Brunner <brunnre8@gmail.com>
Ria Arora <arora09ria@gmail.com>
Richard Cho <won0089@gmail.com>
Rijuta Singh <rijuta_s@me.iitr.ac.in>
Rishabh Rawat <coolrishabhrawat@gmail.com>
Rishav Chakraborty <annonymousxyz@outlook.com>
Rishi Kejriwal <rishikejriwal2003@gmail.com>
Ritik Kumar <ritikkne@gmail.com>
Rizky Riyaldhi <rriyaldhi@gmail.com>
Robert Moreno Carrillo <rodemore@espol.edu.ec>
Rohan Batra <rbatra31@gmail.com>
Rohan Gulati <rohangulati@gmail.com>
Rohit Gupta <2003.mrohit@gmail.com>
Rohit Katlaa <rohitkatlaa@gmail.com>
Ross Strader <strader@gmail.com>
Rudra Sadhu <rdrsadhu@gmail.com>
Rémi Gourdon <gourdon.remi@gmail.com>
Sachin Chauhan <sachinchauhan2889@gmail.com>
Sachin Gopal <sachin.gopal2015@vit.ac.in>
Sachin Kumar <sept28sk@gmail.com>
Saeed Jassani <saeedjassani@gmail.com>
Safwan Mansuri <safwanmansuri.ict17@gmail.com>
Sagar Manohar <sagarmanohar24@gmail.com>
Sagar Subedi <Sagarxic@gmail.com>
Sahil Gupta <getintern6@gmail.com>
Sahil Jhangar <souravjangar91@gmail.com>
Sahil Singh <lcs2021033@iiitl.ac.in>
Sajen Sarvajith <sajenjeshan1222@gmail.com>
Sajna Kadalikat <skadalikat@gmail.com>
Sakshi Jain <sakshi.jain7597@gmail.com>
Samara Trilling <samara.trilling@gmail.com>
Sambhav Kaushik <masterboy376@gmail.com>
Samriddhi Mishra <samriddhi2958@gmail.com>
Sandeep Dubey <dubeysandeep.in@gmail.com>
Sandeep Patel <b117045@iiit-bh.ac.in>
Sanjana Konte <konte.sanjana@gmail.com>
Sanjay Saju Jacob <sanjaysajujacob@gmail.com>
Sankranti Joshi <sankrantijoshi@gmail.com>
Santos Hernandez <hernandz@stanford.edu>
Sanyam Khurana <sanyam.khurana01@gmail.com>
Sasa Cocic-Banjanac <cocicsasa@gmail.com>
Satish Boggarapu <satishbogg9@gmail.com>
Satmeet Ubhi <hello@ubhisat.com>
Satvik Mishra <satvmishi@gmail.com>
Satwik Kansal <satwikkansal@gmail.com>
Satyam Bhalla <satyambhalla17@gmail.com>
Satyam Wakchaure <satyamwakchaure2002@gmail.com>
Satyam Yadav <satyamyadav13579@gmail.com>
Saurabh Balke <saurabhsinghbalke3602@gmail.com>
Saurabh Jamadagni <saurabhjamadagni2002@gmail.com>
Saurav Pratihar <pratihar.saurav@gmail.com>
Savitha K Jayasankar <savi.kj@gmail.com>
Scott Brenner <scott@scottbrenner.me>
Scott Junner <scott.junner@gmail.com>
Scott Roberts <scotty.j.roberts@gmail.com>
Sean Anthony Riordan <riordan.sean9@gmail.com>
Sean Zhong <szhrune@gmail.com>
Sebastian Zangaro <szangaro@gmail.com>
Seoeun Hong <sh6348@nyu.edu>
Seth Beckman <beckmanseth@gmail.com>
Seth Saloni <sethsaloni01@gmail.com>
Shafqat Dulal <shafqat.dulal@gmail.com>
Shan Jiang <shan.jiang03@gmail.com>
Sharif Shaker <sharifmshaker@yahoo.com>
Shiori Nozawa <sawa.tsuzumi@gmail.com>
Shiqi Wu <wushiqi1998@gmail.com>
Shiva Krishna Yadav <14311a05r1@sreenidhi.edu.in>
Shivam Chaudhary <shivamthalwal@gmail.com>
Shivam Jha <20bcs206@iiitdmj.ac.in>
Shivan Trivedi <shivanstar7@gmail.com>
Shivanandan D N <shivanandan17.dev@gmail.com>
Shivansh Bajaj <bajajshivansh1@gmail.com>
Shivansh Dhiman <shivanshdhiman@gmail.com>
Shivansh Rakesh <mailbox.shivansh@gmail.com>
Shivkant Chauhan <shivkantchauhan2002@gmail.com>
Shobhan Srivastava <srivastavashobhan2001@gmail.com>
Shouvik Roy <vicks4uster@gmail.com>
Shrijal Acharya <coveringguy0123@gmail.com>
Shriya Kamat Tarcar <shriyaktarcar@gmail.com>
Shruti Grover <shrutigrover693@gmail.com>
Shruti Satish <shrutisatish00@gmail.com>
Shubha Gupta <shubha1593@gmail.com>
Shubha Rajan <shubharajan94@gmail.com>
Shubham Bansal <shubhambansal17@hotmail.com>
Shubham Korde <sskorde@iitk.ac.in>
Shubham Thakur <shubhamthakurgta@gmail.com>
Shun Nagasaki <snagas@umich.edu>
Shuta Suzuki <shutas@umich.edu>
Siddhant Khandelwal <siddhantrkhandelwal@gmail.com>
Siddhant Srivastav <harshsrivastav123@gmail.com>
Siddharth Batra <sbsiddharth@gmail.com>
Siddharth Mehta <sidmehta0201@gmail.com>
Simran Mahindrakar <simranmahindrakar98@gmail.com>
Sneha Chauhan <sneha2003chauhan@gmail.com>
Sougata Das <rijusougata13@gmail.com>
Souhit Dey <obitogod@protonmail.com>
Soumyajyoti Dey <deysoumyajyoti2017@gmail.com>
Soumyo Dey <soumyodey@live.com>
Sourab Jha <sourab.jha@kgec.edu.in>
Sourav Badami <souravbadami@gmail.com>
Sourav Singh <ssouravsingh12@gmail.com>
Sreelaya Vuyyuru <sreelayavuyyuru@gmail.com>
Sreenivasulu Giritheja <s.giritheja@gmail.com>
Srijan Reddy <srijanreddy98@gmail.com>
Srikanth Kadaba <srikanth.kadaba@gmail.com>
Srikar Ch <srikar.0896@gmail.com>
Srikrishna Bethina <kittukrish.bethina@gmail.com>
Stefanie Muroya Lei <michelle_muroya@hotmail.com>
Stephen Hannon <stephenhannon4@gmail.com>
Stephen Yu <stephenyu8021@gmail.com>
Steve Jiang <sjiang647@gmail.com>
Steven Godfrey <stevengodfrey@protonmail.com>
Subhash Kovela <subhash686@gmail.com>
SUBHASH THENUA <subhashthenua20082002@gmail.com>
Subin Duresh <subin.duresh@gmail.com>
Subodh Verma <subodh.verma.min19@iitbhu.ac.in>
Sudhanva MG <mgsudhanva@gmail.com>
Sudipta Gyan Prakash Pradhan <spp11@iitbbs.ac.in>
Sujay Dey <sujaydey641@gmail.com>
Sumit Paroothi <paroothisumit@gmail.com>
Sumit Singh <sumitks866@gmail.com>
Surya Siriki <cs18b035@iittp.ac.in>
Taiwo Adetona <adetonat@ymail.com>
Tanishq Gupta <tanishq67@gmail.com>
Tanmay Mathur <tanmaymathur4@gmail.com>
Tanya Agarwal <tanya.agrawal1_cs19@gla.ac.in>
Tarashish Mishra <sunu0000@gmail.com>
Taylor Murray <murratay@umich.edu>
Ted Tong Li <ted.tong.li@gmail.com>
Teddy Marchildon <ted.marchildon@gmail.com>
Tezuesh Varshney <tezuesh.varshney@gmail.com>
Tham Wan Jun <wanjuntham@gmail.com>
Tia Jin <tjinjoy@umich.edu>
Tianqi Wu <wu.tianqi@wustl.edu>
Timothy Cyrus <tim.h.cyrus@gmail.com>
Tom Zinck <tom.zinckpro@gmail.com>
Tonatiuh Garcia <tonadevv@gmail.com>
Tony Afula <neoliteconsultant@gmail.com>
Tony Jiang <tjiang11@jhu.edu>
Tracy Homer <thomer@mac.com>
Tran Quang Khai < vpeopleonatank@gmail.com>
Travis Shafer <tdtshafer@gmail.com>
Trianna Nguyen <triannan@umich.edu>
Truong Kim <kimphantruong@gmail.com>
Tuguldur Baigalmaa <philoniare@gmail.com>
Tushar Mohan <tushar.mohan2001@gmail.com>
Ujjwal Gulecha <ujjwal.gulecha@gmail.com>
Umesh Singla <umeshksingla@gmail.com>
Utkarsh Dixit <downloadplaza97@gmail.com>
Vaibhav Tripathi <vaibhav.tripathi.mst21@iitbhu.ac.in>
Valeron Toscano <valerontoscano@gmail.com>
Vansh Gawra <vanshgawra008@gmail.com>
Varazdat Manukyan <varomanukyan@gmail.com>
Varun Tandon <vrntandon@gmail.com>
Vasu Tomar <vasutomar26@gmail.com>
Vedant Borkar <vedantborkar1234@gmail.com>
Vedika Chandra <tovcvedikachandra@gmail.com>
Vedika Chandra <vcvedikachandra@gmail.com>
Vibhor Agarwal <agarwalvibhor84@gmail.com>
Viet Tran Quoc Hoang <hoangviet1993@gmail.com>
Vijay Patel <vijpatel7@gmai.com>
Viktor Pishuk <victor.pishuk@gmail.com>
Vinayak Vishwanath Gosain <gosain.vinayakvishwanath@gmail.com>
Vinit Dantkale <vinit.dantkale@somaiya.edu>
Vir Kothari <virkothari8@gmail.com>
Viraj Prabhu <prabhuviraj@gmail.com>
Vishal Desai <vddesai1998@gmail.com>
Vishal Gupta <vishal.vgu@gmail.com>
Vishal Teotia <vashuteotia123@gmail.com>
Vishnu M <vishnumurali7000@gmail.com>
Vishnu Nithin Reddy <nitinreddy226@gmail.com>
Vojtěch Jelínek <vojtin.j@gmail.com>
Vuyisile Ndlovu <terrameijar@gmail.com>
Wiktor Idzikowski <wiktor.idzikowski@gmail.com>
Will Li <cuichen.li94@gmail.com>
Winnie <winniecc@stanford.edu>
Wonje Lee <leew@dickinson.edu>
Xinyu Wu <wxy.xinyu@gmail.com>
Y. Budhachandra Singh <budha627@gmail.com>
Yang Lu <andimeo@foxmail.com>
Yash Dugriyal <slayycasm997@gmail.com>
Yash Jipkate <yashjipkate@gmail.com>
Yash Ladha <201551061@iiitvadodara.ac.in>
Yash Santosh Kandalkar <yashsk.yk@gmail.com>
Yashwardhan Jyani <jyanimanav@gmail.com>
Yavik Kapadia <yavikkapadia@gmail.com>
Yi Yan <chrno_crusade217@hotmail.com>
Yijia Gao <toyijiagao@umich.edu>
Yijia Gao <yijiagao@umich.edu>
Yiming Pan <yimingp@andrew.cmu.edu>
Yogesh Saini <yogeshsaini1213@gmail.com>
Yogesh Sharma <yogesh.sharma@research.iiit.ac.in>
Yong Li <liyong7679@gmail.com>
Yousef Hamza <jo.adam.93@gmail.com>
Yuecheng Cao <cyc_david@outlook.com>
Yuliang <leoyoudatou@outlook.com>
Yuri Lemos <yurilemos98@hotmail.com>
Yuri Pennafort Lemos <yurilemos98@hotmail.com>
Zach Puller <zach.puller@gmail.com>
Zach Wiebesiek <zwiebesiek@gmail.com>
Zachery Vekovius <zvek@veknet.net>
Zaid Ismail <zaidismail031@gmail.com>
Zhan Liang <zhanliang1994@gmail.com>
Zoe Madden-Wood <maddenwood@gmail.com>
